{"cameraMode":{"drawMode":0,"name":"Shaded","section":"Shading Mode"},"sceneLighting":true,"audioPlay":false,"sceneViewState":{"m_AlwaysRefresh":false,"showFog":true,"showSkybox":true,"showFlares":true,"showImageEffects":true,"showParticleSystems":true,"showVisualEffectGraphs":true,"m_FxEnabled":true},"in2DMode":false,"pivot":{"x":1.9130125045776368,"y":0.8311142921447754,"z":5.384997844696045},"rotation":{"x":0.07955726236104965,"y":-0.38359466195106509,"z":0.037403352558612826,"w":0.9199209809303284},"size":22.214502334594728,"orthographic":true}